bin,count,P_active,P_passive
"(-0.001, 1.0]",16862,0.7981852686514055,0.20181473134859448
"(1.0, 3.0]",428,0.2897196261682243,0.7102803738317757
