value,count,P_active,P_passive
active,11877,0.8045802812157953,0.19541971878420478
MISSING,3182,0.8089252042740415,0.1910747957259585
passive,2231,0.651277454056477,0.3487225459435231
