value,count,P_active,P_passive
MISSING,9248,0.604455017301038,0.39554498269896193
NOUN,5492,0.9934450109249818,0.0065549890750182084
PRON,1873,0.9983982915109451,0.001601708489054992
PROPN,357,0.9747899159663865,0.025210084033613446
ADV,96,0.9895833333333334,0.010416666666666666
ADJ,79,1.0,0.0
DET,60,1.0,0.0
NUM,60,1.0,0.0
SYM,13,1.0,0.0
INTJ,7,1.0,0.0
X,5,1.0,0.0
