value,count,P_active,P_passive
MISSING,17279,0.7854621216505585,0.21453787834944152
Def,8,1.0,0.0
