value,count,P_active,P_passive
MISSING,15272,0.7574646411733892,0.2425353588266108
Prs,1261,1.0,0.0
Rel,297,0.98989898989899,0.010101010101010102
Dem,185,1.0,0.0
Ind,117,1.0,0.0
Int,80,1.0,0.0
Tot,47,1.0,0.0
Neg,15,1.0,0.0
Art,11,1.0,0.0
Rcp,5,1.0,0.0
