value,count,P_active,P_passive
none,9248,0.604455017301038,0.39554498269896193
obj,7734,0.9936643392810964,0.0063356607189035425
iobj,308,1.0,0.0
