value,count,P_active,P_passive
MISSING,9856,0.6284496753246753,0.3715503246753247
Sing,5253,0.993908242908814,0.006091757091185989
Plur,2167,0.9940009229349331,0.005999077065066913
Ptan,14,1.0,0.0
