value,count,P_active,P_passive
active,14426,0.8103424372660474,0.1896575627339526
passive,2863,0.6608452672022355,0.3391547327977646
