value,count,P_active,P_passive
Sing,7484,0.9035275253874934,0.09647247461250669
MISSING,7046,0.6207777462390008,0.37922225376099916
Plur,2754,0.8870733478576616,0.11292665214233842
Ptan,6,0.6666666666666666,0.3333333333333333
