value,count,P_active,P_passive
MISSING,10249,0.6786027905161479,0.3213972094838521
Prs,5940,0.9572390572390572,0.04276094276094276
Rel,716,0.8463687150837989,0.15363128491620112
Dem,202,0.8514851485148515,0.1485148514851485
Ind,77,0.9090909090909091,0.09090909090909091
Tot,51,0.803921568627451,0.19607843137254902
Int,31,0.967741935483871,0.03225806451612903
Neg,22,0.9545454545454546,0.045454545454545456
