value,count,P_active,P_passive
PRON,6997,0.9424038873803059,0.057596112619694155
MISSING,6156,0.5870695256660169,0.4129304743339831
NOUN,2990,0.7896321070234114,0.21036789297658862
PROPN,1001,0.8881118881118881,0.11188811188811189
ADJ,47,0.9361702127659575,0.06382978723404255
DET,42,0.7857142857142857,0.21428571428571427
NUM,32,0.8125,0.1875
X,10,1.0,0.0
SYM,5,0.8,0.2
