value,count,P_active,P_passive
MISSING,17288,0.7855738084220268,0.21442619157797316
