bin,count,P_active,P_passive
,11349,0.0,0.0
"(0.999, 2.0]",4053,0.9819886503824328,0.018011349617567233
"(2.0, 3.0]",1888,0.9041313559322034,0.0958686440677966
