value,count,P_active,P_passive
MISSING,9618,0.7070076939072573,0.2929923060927428
Sing,5543,0.8892296590294064,0.11077034097059354
Plur,2129,0.8708313762329732,0.12916862376702679
