bin,count,P_active,P_passive
"(0.999, 2.0]",2946,0.9813306177868296,0.0186693822131704
"(2.0, 3.0]",5306,0.842819449679608,0.15718055032039202
,9038,0.0,0.0
