value,count,P_active,P_passive
MISSING,9098,0.690261595955155,0.30973840404484504
Ind,7667,0.884178948741359,0.11582105125864092
Imp,520,1.0,0.0
Sub,5,0.8,0.2
