value,count,P_active,P_passive
Past,6395,0.5418295543393276,0.4581704456606724
Pres,5927,0.9109161464484562,0.08908385355154379
MISSING,4968,0.9498792270531401,0.050120772946859904
