value,count,P_active,P_passive
MISSING,14872,0.9133270575578268,0.08667294244217322
Pass,2418,0.0,1.0
